haydn_9_1,1
mendel_op19_3,1
scn15_4,1
beethoven_opus22_3,1
chpn_op27_1,1
gra_esp_4,1
deb_menu,1
haydn_43_3,1
haydn_8_2,1
islamei,1
alb_se2,1
rac_op23_2,1
mz_570_2,1
beethoven_opus10_2,1
clementi_opus36_4_2,1
ty_mai,1
islamei,1
god_alb_esp2,1
chpn-p14,1
bor_ps5,1
debussy_cc_3,1
debussy_cc_4,1
bach_846,1
beethoven_opus90_1,1
chpn_op35_1,1
burg_erwachen,1
beethoven_les_adieux_3,1
grieg_butterfly,1
schubert_D935_1,1
mz_545_2,1
rav_gib,0.97
muss_4,1
pathetique_3,1
clementi_opus36_1_1,1
chpn-p17,1
haydn_35_1,1
grieg_wedding,1
muss_4,1
rac_op3_2,1
beethoven_hammerklavier_2,1
burg_quelle,1
chpn-p16,1
brahms_opus1_3,1
bor_ps4,1
grieg_spring,1
schubert_D935_4,1
chpn-p6,1
haydn_7_3,0.98
fruehlingsrauschen,1
schubert_D935_3,1
